<?xml version="1.0" encoding="UTF-8" ?><xml><records><record><database name="FORMIS 2011.enl" path="D:\My Documents\EndNote Libraries\FORMIS 2011.enl">FORMIS 2011.enl</database><source-app name="EndNote" version="11.0">EndNote</source-app><rec-number>36342</rec-number><foreign-keys><key app="EN" db-id="5xzed2wsadaxpcevvalp0zdr0rrzrfffsz52">36342</key></foreign-keys><ref-type name="Journal Article">17</ref-type><contributors><authors><author><style face="normal" font="default" size="100%">Addison, P.</style></author><author><style face="normal" font="default" size="100%">Samways, M.J.</style></author></authors></contributors><titles><title><style face="normal" font="default" size="100%">Surrogate habitats demonstrate the invasion potential of the African pugnacious ant</style></title><secondary-title><style face="normal" font="default" size="100%">Biodivers. Conserv.</style></secondary-title><alt-title><style face="normal" font="default" size="100%">Biodiversity and Conservation</style></alt-title></titles><periodical><full-title><style face="normal" font="default" size="100%">Biodivers. Conserv.</style></full-title><abbr-1><style face="normal" font="default" size="100%">Biodiversity and Conservation</style></abbr-1></periodical><alt-periodical><full-title><style face="normal" font="default" size="100%">Biodivers. Conserv.</style></full-title><abbr-1><style face="normal" font="default" size="100%">Biodiversity and Conservation</style></abbr-1></alt-periodical><pages><style face="normal" font="default" size="100%">411-428</style></pages><volume><style face="normal" font="default" size="100%">15</style></volume><dates><year><style face="normal" font="default" size="100%">2006</style></year><pub-dates><date><style face="normal" font="default" size="100%">January 2006</style></date></pub-dates></dates><abstract><style face="normal" font="default" size="100%">*[We demonstrate that a particularly opportunistic &amp; locally dominant ant Anoplolepis custodiens, which is a major indigenous African pest, overrides habitat structure to maintain its population level.  We compared A. custodiens activity, morphology, foraging behavior, &amp; ant species diversity in artificially established surrogate habitats (= cover crops) in a vineyard containing an ample food resource in the form of the honeydew-producing mealybug Planococcus ficus.  These cover crops were chosen so as to create highly altered habitats.  The ant&apos;s ability to overcome these potentially suppressive habitat conditions hinged on its tight mutualism with the mealybug, &amp; on its chasing away mealybug parasitoids.   This ant species is predicted to be a latent invasive beyond Africa.]</style></abstract><notes><style face="normal" font="default" size="100%">Part of FORMIS 07; from-DPW, </style></notes><urls></urls><custom3><style face="normal" font="default" size="100%">new, July 07</style></custom3><electronic-resource-num><style face="normal" font="default" size="100%"> http://dx.doi.org/doi:10.1007/s10531-005-5399-4 </style></electronic-resource-num><research-notes><style face="normal" font="default" size="100%">Antkey</style></research-notes></record><record><database name="FORMIS 2011.enl" path="D:\My Documents\EndNote Libraries\FORMIS 2011.enl">FORMIS 2011.enl</database><source-app name="EndNote" version="11.0">EndNote</source-app><rec-number>7187</rec-number><foreign-keys><key app="EN" db-id="5xzed2wsadaxpcevvalp0zdr0rrzrfffsz52">7187</key></foreign-keys><ref-type name="Journal Article">17</ref-type><contributors><authors><author><style face="normal" font="default" size="100%">Dean, W.R.J.</style></author></authors></contributors><titles><title><style face="normal" font="default" size="100%">Temperatures determining activity patterns of some ant species in the southern Karoo, South Africa</style></title><secondary-title><style face="normal" font="default" size="100%">J. Entomol. Soc. South. Afr.</style></secondary-title><alt-title><style face="normal" font="default" size="100%">Journal of the Entomological Society of Southern Africa</style></alt-title></titles><periodical><full-title><style face="normal" font="default" size="100%">J. Entomol. Soc. South. Afr.</style></full-title><abbr-1><style face="normal" font="default" size="100%">Journal of the Entomological Society of Southern Africa</style></abbr-1></periodical><alt-periodical><full-title><style face="normal" font="default" size="100%">J. Entomol. Soc. South. Afr.</style></full-title><abbr-1><style face="normal" font="default" size="100%">Journal of the Entomological Society of Southern Africa</style></abbr-1></alt-periodical><pages><style face="normal" font="default" size="100%">149-156</style></pages><volume><style face="normal" font="default" size="100%">55</style></volume><dates><year><style face="normal" font="default" size="100%">1992</style></year><pub-dates><date><style face="normal" font="default" size="100%">Mar 1992</style></date></pub-dates></dates><label><style face="normal" font="default" size="100%">Printed </style></label><notes><style face="normal" font="default" size="100%">Part of FORMIS 94; from NAL&apos;S AGRICOLA; from-DPW, </style></notes><urls></urls><custom3><style face="normal" font="default" size="100%">Not new, Feb 05</style></custom3><research-notes><style face="normal" font="default" size="100%">Antkey</style></research-notes></record><record><database name="FORMIS 2011.enl" path="D:\My Documents\EndNote Libraries\FORMIS 2011.enl">FORMIS 2011.enl</database><source-app name="EndNote" version="11.0">EndNote</source-app><rec-number>23198</rec-number><foreign-keys><key app="EN" db-id="5xzed2wsadaxpcevvalp0zdr0rrzrfffsz52">23198</key></foreign-keys><ref-type name="Journal Article">17</ref-type><contributors><authors><author><style face="normal" font="default" size="100%">Prins, A.J.</style></author></authors></contributors><titles><title><style face="normal" font="default" size="100%">Review of </style><style face="italic" font="default" size="100%">Anoplolepis </style><style face="normal" font="default" size="100%">with reference to male genitalia, and notes on </style><style face="italic" font="default" size="100%">Acropyga </style><style face="normal" font="default" size="100%">(Hymenoptera, Formicidae)</style></title><secondary-title><style face="normal" font="default" size="100%">Ann. S. Afr. Mus.</style></secondary-title><alt-title><style face="normal" font="default" size="100%">Annals of the South African Museum</style></alt-title></titles><periodical><full-title><style face="normal" font="default" size="100%">Ann. S. Afr. Mus.</style></full-title><abbr-1><style face="normal" font="default" size="100%">Annals of the South African Museum</style></abbr-1></periodical><alt-periodical><full-title><style face="normal" font="default" size="100%">Ann. S. Afr. Mus.</style></full-title><abbr-1><style face="normal" font="default" size="100%">Annals of the South African Museum</style></abbr-1></alt-periodical><pages><style face="normal" font="default" size="100%">215-247</style></pages><volume><style face="normal" font="default" size="100%">89</style></volume><dates><year><style face="normal" font="default" size="100%">1982</style></year><pub-dates><date><style face="normal" font="default" size="100%">Jun 1982</style></date></pub-dates></dates><label><style face="normal" font="default" size="100%">Printed </style></label><notes><style face="normal" font="default" size="100%">Part of FORMIS; from NAL&apos;s AGRICOLA; from ANTBIB; Date from Bolton, verified-PSW; from-DPW, </style></notes><urls><related-urls><url><style face="normal" font="default" size="100%">1.9 MB http://antbase.org/ants/publications/4205/4205.pdf   or   1.9 MB http://ripley.si.edu/ent/nmnhtypedb/images/pdfs/4205.pdf </style></url></related-urls></urls><custom1><style face="normal" font="default" size="100%">GAL, Dec 02</style></custom1><custom3><style face="normal" font="default" size="100%">Not new, Feb 05</style></custom3><research-notes><style face="normal" font="default" size="100%">Antkey</style></research-notes></record><record><database name="FORMIS 2011.enl" path="D:\My Documents\EndNote Libraries\FORMIS 2011.enl">FORMIS 2011.enl</database><source-app name="EndNote" version="11.0">EndNote</source-app><rec-number>50770</rec-number><foreign-keys><key app="EN" db-id="5xzed2wsadaxpcevvalp0zdr0rrzrfffsz52">50770</key></foreign-keys><ref-type name="Book Section">5</ref-type><contributors><authors><author><style face="normal" font="default" size="100%">M.J. Samways </style></author></authors><secondary-authors><author><style face="normal" font="default" size="100%">O.T. Sandlund</style></author><author><style face="normal" font="default" size="100%">P.J. Schei,  </style></author><author><style face="normal" font="default" size="100%">A. Viken </style></author></secondary-authors></contributors><titles><title><style face="normal" font="default" size="100%">Managing insect invasions by watching other countries</style></title><secondary-title><style face="normal" font="default" size="100%">Invasive Species and Biodiversity Management</style></secondary-title></titles><dates><year><style face="normal" font="default" size="100%">1999</style></year></dates><pub-location><style face="normal" font="default" size="100%">The Netherlands</style></pub-location><publisher><style face="normal" font="default" size="100%">Kluwer, Dordrecht</style></publisher><urls></urls><research-notes><style face="normal" font="default" size="100%">Antkey</style></research-notes></record></records></xml>