<?xml version='1.0' encoding='utf-8'?>
<archive xmlns="http://rs.tdwg.org/dwc/text/" xmlns:xsi="http://www.w3.org/2001/XMLSchema-instance" 
xsi:schemaLocation="http://rs.tdwg.org/dwc/text/   http://rs.tdwg.org/dwc/text/tdwg_dwc_text.xsd" metadata="eml.xml">
  <core
    encoding="UTF-8"
    fieldsTerminatedBy="\t"
    linesTerminatedBy="\n"
    ignoreHeaderLines="0"
    rowType="http://rs.tdwg.org/dwc/terms/Taxon">
    <files>      
      <location>taxon.txt</location>
    </files>
    <id index="0" />
    <field index="0" term="http://rs.tdwg.org/dwc/terms/taxonID" />
    <field index="1" term="http://rs.tdwg.org/dwc/terms/scientificName"/>
    <field index="2" term="http://rs.tdwg.org/dwc/terms/scientificNameAuthorship"/>
    <field index="3" term="http://rs.tdwg.org/dwc/terms/taxonRank"/>
    <field index="4" term="http://rs.tdwg.org/dwc/terms/taxonomicStatus"/>
    <field index="5" term="http://rs.tdwg.org/dwc/terms/acceptedNameUsageID"/>
    <field index="6" term="http://rs.tdwg.org/dwc/terms/genus"/>
    <field index="7" term="http://rs.tdwg.org/dwc/terms/subgenus"/>
    <field index="8" term="http://rs.tdwg.org/dwc/terms/specificEpithet"/>
    <field index="9" term="http://rs.tdwg.org/dwc/terms/infraspecificEpithet"/>
    <field index="10" term="http://purl.org/dc/terms/source"/>
    <field index="11" term="http://purl.org/dc/terms/created"/>
    <field index="12" term="http://purl.org/dc/terms/modified"/>
    <field index="12" term="http://rs.tdwg.org/dwc/terms/parentNameUsageID"/>
    <field index="13" term="http://rs.tdwg.org/dwc/terms/namePublishedIn"/>
    <field index="14" term="http://rs.tdwg.org/dwc/terms/namePublishedInID"/>
    <field index="15" term="http://rs.tdwg.org/dwc/terms/nomenclaturalStatus"/>
    <field default="CATE Sphingidae. (2011, 23 December). Retrieved 12:26, Friday, 27 January, 2012, from http://www.cate-sphingidae.org" term="http://purl.org/dc/terms/bibliographicCitation"/>
    <field default="Content licensed under Creative Commons Attribution-NonCommercial-ShareAlike 3.0 Unported License" term="http://purl.org/dc/terms/rights"/>
    <field default="Animalia" term="http://rs.tdwg.org/dwc/terms/kingdom"/>
    <field default="Arthropoda" term="http://rs.tdwg.org/dwc/terms/phylum"/>
    <field default="Lepidoptera" term="http://rs.tdwg.org/dwc/terms/order"/>
    <field default="Sphingidae" term="http://rs.tdwg.org/dwc/terms/family"/>
    <field default="ICZN" term="http://rs.tdwg.org/dwc/terms/nomenclaturalCode"/>
    <field default="Taxon" term="http://rs.tdwg.org/dwc/terms/type"/>
    <field default="CATE-Sphingidae" term="http://rs.tdwg.org/dwc/terms/datasetName"/>
    <field default="http://www.cate-sphingidae.org" term="http://rs.tdwg.org/dwc/terms/datasetID"/>
  </core>
  <extension
    encoding="UTF-8"
    fieldsTerminatedBy="\t"
    linesTerminatedBy="\n"
    ignoreHeaderLines="0"
    rowType="http://rs.gbif.org/terms/1.0/Description">
    <files>
      <location>description.txt</location>
    </files>
    <coreId index="0" />
    <field index="1" term="http://purl.org/dc/terms/identifier"/>
    <field index="2" term="http://purl.org/dc/terms/type"/>
    <field index="3" term="http://purl.org/dc/terms/source"/>
    <field index="4" term="http://purl.org/dc/terms/modified"/>
    <field index="5" term="http://purl.org/dc/terms/created"/>
    <field index="6" term="http://purl.org/dc/terms/creator"/>
    <field index="7" term="	http://purl.org/dc/terms/description"/>
    <field default="Content licensed under Creative Commons Attribution-NonCommercial-ShareAlike 3.0 Unported License" term="http://purl.org/dc/terms/license"/>
    <field default="EN" term="http://purl.org/dc/terms/language"/>
    <field default="CATE Sphingidae. (2011, 23 December). Retrieved 12:26, Friday, 27 January, 2012, from http://www.cate-sphingidae.org" term="http://purl.org/dc/terms/bibliographicCitation"/>
  </extension>
  <extension
     encoding="UTF-8"
     fieldsTerminatedBy="\t"
     linesTerminatedBy="\n"
     ignoreHeaderLines="0" 
     rowType="http://rs.gbif.org/terms/1.0/Image">
    <files>
      <location>images.txt</location>
    </files>
    <coreId index="0" />
    <field index="1" term="http://purl.org/dc/terms/identifier"/>
    <field index="2" term="http://purl.org/dc/terms/title"/>
    <field index="3" term="http://purl.org/dc/terms/creator"/>
    <field index="4" term="http://purl.org/dc/terms/modified"/>
    <field index="5" term="http://purl.org/dc/terms/created"/>
    <field default="Artwork may be subject to copyright agreements between the artist and original publisher and may not be re-used without consent" term="http://purl.org/dc/terms/license"/>
  </extension>
  <extension encoding="UTF-8" fieldsTerminatedBy="\t"
		linesTerminatedBy="\n" ignoreHeaderLines="0"
		rowType="http://rs.gbif.org/terms/1.0/Reference">
		<files>
			<location>reference.txt</location>
		</files>
		<coreid index="0" />
		<field index="1" term="http://purl.org/dc/terms/modified" />
		<field index="2" term="http://purl.org/dc/terms/created" />
		<field index="3" term="http://purl.org/dc/terms/identifier" />
		<field index="4" term="http://purl.org/dc/terms/bibliographicCitation" />
		<field index="5" term="http://purl.org/dc/terms/type" />
		<field index="6" term="http://purl.org/dc/terms/title" />
		<field index="7" term="http://purl.org/ontology/bibo/volume" />
		<field index="8" term="http://purl.org/ontology/bibo/number" />
		<field index="9" term="http://purl.org/ontology/bibo/pages" />
		<field index="10" term="http://purl.org/dc/terms/description" />
		<field index="11" term="http://purl.org/dc/terms/date" />
		<field index="12" term="http://purl.org/dc/terms/creator" />
	</extension>
</archive>
